{"datetime":{"0":1759190400000,"1":1759276800000,"2":1759363200000},"temperature":{"0":19.3425284871,"1":19.4767350535,"2":18.7275197948}}